{
    "accuracy": {
        "values": [
            0.4681715667247772,
            0.6676072478294373,
            0.7507900595664978,
            0.8080135583877563,
            0.8641083240509033,
            0.8834086060523987,
            0.9084650278091431,
            0.9079006910324097,
            0.9132054448127747,
            0.9243792295455933,
            0.9340857863426208,
            0.9312641024589539,
            0.9391647577285767,
            0.9476298093795776,
            0.943566620349884,
            0.9551918506622314,
            0.9519187211990356,
            0.9498871564865112,
            0.963092565536499,
            0.9521444439888,
            0.9662528038024902,
            0.9558690786361694,
            0.9654627442359924,
            0.960270881652832,
            0.9697517156600952,
            0.9742663502693176,
            0.9625282287597656,
            0.970541775226593,
            0.9735891819000244
        ],
        "max": 0.9742663502693176,
        "min": 0.4681715667247772,
        "mean": 0.9056044251754366,
        "median": 0.9476298093795776
    },
    "val_accuracy": {
        "values": [
            0.634719729423523,
            0.54294753074646,
            0.8634719848632812,
            0.8978300094604492,
            0.8711573481559753,
            0.9281193614006042,
            0.8905967473983765,
            0.9308318495750427,
            0.9150090217590332,
            0.9502712488174438,
            0.9475587606430054,
            0.9751356244087219,
            0.9371609687805176,
            0.9801084995269775,
            0.9660940170288086,
            0.9701627492904663,
            0.969710648059845,
            0.9633815288543701,
            0.9543399810791016,
            0.8756781220436096,
            0.9927667379379272,
            0.9534357786178589,
            0.764014482498169,
            0.982820987701416,
            0.9787522554397583,
            0.9755877256393433,
            0.9226943850517273,
            0.9873417615890503,
            0.9796563982963562
        ],
        "max": 0.9927667379379272,
        "min": 0.54294753074646,
        "mean": 0.9138398704857662,
        "median": 0.9502712488174438
    },
    "loss": {
        "values": [
            1.9374125003814697,
            1.297141671180725,
            0.9762595891952515,
            0.7759110927581787,
            0.5926832556724548,
            0.4992339015007019,
            0.4003700613975525,
            0.37557142972946167,
            0.3271741271018982,
            0.3054356276988983,
            0.26091131567955017,
            0.25984615087509155,
            0.22712503373622894,
            0.20353733003139496,
            0.21852561831474304,
            0.17734570801258087,
            0.18457116186618805,
            0.18269968032836914,
            0.14832577109336853,
            0.17413783073425293,
            0.1431456059217453,
            0.16426926851272583,
            0.14543630182743073,
            0.15422478318214417,
            0.13023559749126434,
            0.11506778746843338,
            0.158443883061409,
            0.13578829169273376,
            0.11545784771442413
        ],
        "max": 1.9374125003814697,
        "min": 0.11506778746843338,
        "mean": 0.3719409732469197,
        "median": 0.20353733003139496
    },
    "val_loss": {
        "values": [
            1.6008681058883667,
            1.4254932403564453,
            0.8743587732315063,
            0.7477346658706665,
            0.5455412864685059,
            0.5253502130508423,
            0.471896231174469,
            0.36569923162460327,
            0.36940720677375793,
            0.32296690344810486,
            0.2716643512248993,
            0.20236347615718842,
            0.26568177342414856,
            0.15209870040416718,
            0.19519752264022827,
            0.15185873210430145,
            0.1486864537000656,
            0.19453902542591095,
            0.18464453518390656,
            0.37349703907966614,
            0.11496701836585999,
            0.18734759092330933,
            0.6260990500450134,
            0.10935471951961517,
            0.11466258019208908,
            0.11032605916261673,
            0.22519297897815704,
            0.10299341380596161,
            0.11045385897159576
        ],
        "max": 1.6008681058883667,
        "min": 0.10299341380596161,
        "mean": 0.3824463702481368,
        "median": 0.22519297897815704
    }
}